;미츠루초기페르소나。
;合体作成不可。
番号,3952
名前,펜테실레이아
呼び名,펜테실레이아
基礎,0,1900
基礎,1,1500
基礎,5,20;HP
基礎,6,20;MP
基礎,ＥＸＰ,20
基礎,ＭＡＧ,50
基礎,￥,10
基礎,10,100
基礎,LV,10
基礎,힘,4
基礎,지혜,6
基礎,마력,9
基礎,인내력,4
基礎,속도,4
基礎,운,6
基礎,CP,8

素質,처녀
素質,꿋꿋함
素質,프라이드높음

素質,머리
素質,눈
素質,입
素質,팔
素質,발

;빙결・정신に強い、타격・화염・핵열に弱い
;基礎,검격,100
;基礎,비구,100
;基礎,타격,150
;基礎,전술,100
;基礎,화염,150
;基礎,빙결,50
;基礎,전격,100
;基礎,충격,100
;基礎,신경,100
;基礎,정신,50
;基礎,파마,100
;基礎,주살,100
;基礎,지변,100
;基礎,수격,100
;基礎,질풍,100
;基礎,중력,100
;基礎,핵열,150
;基礎,만능,100
;基礎,사이코,100

;내성:검격 빙결 정신 주살
;弱点:전술 화염 핵열
基礎,검격,50
基礎,비구,100
基礎,타격,100
基礎,전술,150
基礎,화염,150
基礎,빙결,50
基礎,전격,100
基礎,충격,100
基礎,신경,100
基礎,정신,75
基礎,파마,100
基礎,주살,50
基礎,지변,100
基礎,수격,100
基礎,질풍,100
基礎,중력,100
基礎,핵열,150
基礎,만능,100
基礎,사이코,100

能力,스킬1,801 ;부흐
能力,스킬2,804 ;マハ부흐
能力,스킬3,401 ;디아
能力,스킬4,1211;마린카린
能力,스킬5,2455;빙결부스터

能力,습득스킬1,802;부흐라
能力,습득LV1,11
能力,습득스킬2,402;디아라마
能力,습득LV2,13
能力,습득스킬3,1131;마카쟈마
能力,습득LV3,15
能力,습득스킬4,1226;텐타라후
能力,습득LV4,18
能力,습득스킬5,805 ;マハ부흐라
能力,습득LV5,22
能力,습득스킬6,2403;일할의마맥
能力,습득LV6,26
能力,습득스킬7,512 ;컨센트레이트
能力,습득LV7,31
能力,습득스킬8,803 ;부흐다인
能力,습득LV8,36

;CSTR,종족명,여신
CSTR,종족명,여제
能力,종족,40;페르소나専用

素質,회복
素質,빙결
素質,정신

能力,회화타입,306;女・여성
能力,속성LD,3;D
能力,속성LC,2;N

能力,잠재능력,5

能力,공격상성,0
能力,최저공격횟수,1
能力,최대공격횟수,1
能力,사거리,1;사거리
能力,공격범위,1

能力,아이템1,1001
能力,입수확률1,10

CSTR,11,私
CSTR,12,인간

フラグ,합체조건있음
フラグ,전서소환불가

フラグ,그외,1010;흉갑

;악마해설
CSTR,30,トロイア戦争の際、トロイア軍側についた아마존の女王。
CSTR,31,誇り高く、美しい女性であったが、아키レウスと一対一で戦い、敗れた。

CSTR,33,
CSTR,34,
CSTR,35,
CSTR,36,
