;기본デビコロ
番号,1723
名前,크자판
呼び名,크자판
基礎,0,1600
基礎,1,1200
基礎,10,100
基礎,LV,37
;知魔型
基礎,힘,10
基礎,지혜,14
基礎,마력,16
基礎,인내력,11
基礎,속도,11
基礎,운,11
基礎,CP,5

;P2：強気、陽気
素質,반항적
素質,건방짐
素質,낙관적
素質,해방
素質,우애
素質,습득빠름,;創意工남편の才を持ち、聡明
素質,절벽
素質,남자
素質,타천사

素質,머리
素質,눈
素質,입
素質,팔
素質,날개
素質,발

;주살・파마무효　마법に強い
基礎,검격,200
基礎,비구,200
基礎,타격,200
基礎,전술,200
基礎,화염,50
基礎,빙결,50
基礎,전격,50
基礎,충격,50
基礎,신경,50
基礎,정신,50
基礎,파마,0
基礎,주살,0
基礎,지변,50
基礎,수격,50
基礎,질풍,50
基礎,중력,50
基礎,핵열,50
基礎,만능,100
基礎,사이코,100

能力,스킬1,805;마하・부흐라
能力,스킬2,311;날개짓

素質,빙결
素質,전술

能力,종족,18;타천사
能力,회화타입,314;男・소년、Ｐ２
能力,속성LD,2;N
能力,속성LC,3;C
フラグ,ＴＳ時회화타입,303
フラグ,元가슴サイズ,4

能力,공격상성,2
能力,최저공격횟수,1
能力,최대공격횟수,1
能力,사거리,1
能力,공격범위,1

能力,아이템1,5006;매직링。滅紫の首紐（Ｐ２）代替
能力,입수확률1,10

;Ｐ２
CSTR,11,나
CSTR,12,너

フラグ,손,401;장갑

;악마해설
CSTR,30,타천사 중 한 명. 창의공부의 재능을 가졌으며 총명하다

CSTR,32,루시퍼가 신에게 모반을 일으킬 때에、루시퍼 쪽에 붙어 천국에 불을 지르는 계획을 제출했다
CSTR,33,그러나 그 계획이 실행되기 전에 루시퍼 일파는 패배해 지옥에 떨어졌다
CSTR,34,그리고 크자판에게는 지옥 가마솥의 불을 끝없이 부는 벌이 내려졌다
