番号,3711,
名前,엔젤(대천사),
呼び名,엔젤,
基礎,0,1800
基礎,1,1200
基礎,5,17;HP
基礎,6,24;MP
基礎,ＥＸＰ,15
基礎,ＭＡＧ,40
基礎,￥,8
基礎,10,100
基礎,LV,24
基礎,힘,11
基礎,지혜,9
基礎,마력,10
基礎,인내력,9
基礎,속도,10
基礎,운,7
基礎,CP,6
素質,처녀
素質,솔직함
素質,헌신적
素質,보수적
素質,정조관념
素質,Ａ민감
素質,쾌감을부정
素質,우애
能力,순종,1


素質,머리
素質,눈
素質,입
素質,팔
素質,발
素質,날개
素質,무기

;파마무효・주살・정신に弱い＋질풍＋충격に弱い
基礎,검격,50
基礎,비구,100
基礎,타격,50
基礎,전술,100
基礎,화염,100
基礎,빙결,100
基礎,전격,100
基礎,충격,125
基礎,신경,100
基礎,정신,150
基礎,파마,0
基礎,주살,150
基礎,지변,100
基礎,수격,100
基礎,질풍,150
基礎,중력,100
基礎,핵열,100
基礎,만능,100
基礎,사이코,100


能力,변이,3712,;엔젤(권천사)
能力,변이레벨,32

能力,스킬1,704;마하・라기
能力,스킬2,2;히트웨이브
能力,스킬3,1305;엑소시즘
能力,습득스킬1,404;메・디아
能力,습득LV1,25
能力,습득스킬2,504;라쿠・카쟈
能力,습득LV2,27
能力,습득스킬3,534;베어내기
能力,습득LV3,30

能力,종족,4;천사
CSTR,종족명,대천사

素質,검격
素質,화염
素質,파마

能力,회화타입,306;女・여성
能力,속성LD,2;N
能力,속성LC,1;L

能力,공격상성,0
能力,최저공격횟수,1
能力,최대공격횟수,1
能力,사거리,1;사거리
能力,공격범위,1


能力,코딩,8001;엔젤헤일로
能力,아이템1,1002;마석
能力,입수확률1,20
能力,아이템2,2099;흑적궁
能力,입수확률2,10

CSTR,11,私
CSTR,12,서머너
;多分真Ⅱの見た눈
;フラグ,모자,7;투구
フラグ,전신복,306；전신갑주
フラグ,손,401;장갑
フラグ,속옷（하）,602;팬티
フラグ,신발,901;부츠
フラグ,그외,1104;구속구

CSTR,相性グループ,ヘブライ천사

;악마해설
CSTR,30,9계급 중급 제2위에 위치한다。
CSTR,31,신의 의사를 사자로서 전하는 책임을 가진다。
CSTR,32,미카엘、가브리엘、라파엘、우리엘의 네 명도 원래는 아크엔젤이었다。 

フラグ,특수합체만,1
フラグ,전서소환불가
