番号,3122
名前,네오파이트
呼び名,네오파이트
基礎,0,1500
基礎,1,1200
基礎,5,17
基礎,6,24
基礎,ＥＸＰ,15
基礎,ＭＡＧ,35
基礎,￥,9
基礎,10,100
基礎,CP,0
基礎,LV,15
基礎,힘,5
基礎,지혜,8
基礎,마력,8
基礎,인내력,5
基礎,속도,6
基礎,운,6


基礎,검격,100
基礎,비구,150
基礎,타격,100
基礎,전술,100
基礎,화염,100
基礎,빙결,100
基礎,전격,150
基礎,충격,100
基礎,신경,150
基礎,정신,150
基礎,파마,0
基礎,주살,120
基礎,지변,100
基礎,수격,100
基礎,질풍,100
基礎,중력,100
基礎,핵열,100
基礎,만능,100
基礎,사이코,100
;광신자とほぼ同じ

能力,스킬1,701
能力,스킬2,801
能力,스킬3,901
;아기/부흐/지오

能力,종족,31
能力,회화타입,331
能力,속성LD,2;N
能力,속성LC,1;L

能力,공격상성,2
能力,최저공격횟수,1
能力,최대공격횟수,1
能力,사거리,1
能力,공격범위,1

能力,아이템1,1005
能力,입수확률1,5

素質,자제심,
素質,정조관념,
素質,쾌감을부정,
素質,남자,
素質,우애,

素質,머리,
素質,눈,
素質,입,
素質,팔,
素質,발,




CSTR,一人称,나
CSTR,二人称,당신
CSTR,종족명,메시안

フラグ,합체조건있음
フラグ,전서소환불가

CSTR,30,メシア教の마술사団における『入門者』。
CSTR,31,彼等はもっとも下の位階にあたり、템플나이트候補生として
CSTR,32,教団内の治安維持に従事している。
CSTR,33,出典『진・여신전생2』

;いそうでいなかった魔法型ザコ

